Festival,Description,Quantity
Christmas,PAPER CHAIN KIT 50'S CHRISTMAS ,4811
Christmas,DISCO BALL CHRISTMAS DECORATION,2947
Christmas,PAPER CHAIN KIT VINTAGE CHRISTMAS,946
Christmas,CHRISTMAS TOILET ROLL,838
Christmas,TRADITIONAL CHRISTMAS RIBBONS,715
Christmas,60 CAKE CASES VINTAGE CHRISTMAS,709
Christmas,PARTY CONE CHRISTMAS DECORATION ,656
Christmas,FOLKART ZINC HEART CHRISTMAS DEC,544
Christmas,SMALLFOLKART BAUBLE CHRISTMAS DEC,542
Christmas,SET OF 20 VINTAGE CHRISTMAS NAPKINS,540
Diwali,ROTATING SILVER ANGELS T-LIGHT HLDR,17079
Diwali,BROCADE RING PURSE ,16708
Diwali,WORLD WAR 2 GLIDERS ASSTD DESIGNS,15208
Diwali,ASSORTED COLOUR BIRD ORNAMENT,14907
Diwali,SMALL POPCORN HOLDER,14251
Diwali,PACK OF 72 RETROSPOT CAKE CASES,11138
Diwali,JUMBO BAG RED RETROSPOT,10846
Diwali,WHITE HANGING HEART T-LIGHT HOLDER,10793
Diwali,GIRLS ALPHABET IRON ON PATCHES ,8539
Diwali,PACK OF 12 LONDON TISSUES ,6704
